id,text,department,urgency,ward,duplicate_of
C001,"hello Road is full of potholes, two wheelers struggling in W-48, MGR Nagar 4th Street. Kindly do the needful.",Roads & Storm Water Drains,low,Ward 48,
C002,respected sir whole stretch of street lights off for 2 days women afraid to walk in ward no 120 gandhi street,Street Lighting,medium,Ward 120,
C003,"Pls sir Illegal construction next door without approval in ward 117, MGR Nagar 4th Street.",Buildings & Town Planning,medium,Ward 117,
C004,"Pls sir Garbage bins overflowing near the market and stinkign in ward 150, Gandhi Street. Nobody is responding.",Solid Waste Management,medium,Ward 150,
C005,"No medicinse available at the corporation dispensary in W-66, Kamarajar Road. very worst situation",Health Services,medium,Ward 66,
C006,"Sir, Rain water stagnating knee deep, storm water drain blocked in ward no 1, Anna Salai. Kindly do the needful.",Roads & Storm Water Drains,medium,Ward 1,
C007,"Dead animal lying on the road for two days in ward 132, Nehru Nagar.",Public Health & Sanitation,medium,Ward 132,
C008,"Building setback violated, footpath blocked in Ward No. 137, Gandhi Street. pls help urgently",Buildings & Town Planning,low,Ward 137,
C009,"Dear officer, Cracks in the old dilapidated building, may collapse any time in Ward No. 24, Velachery Main Road. Nobody is responding.",Buildings & Town Planning,high,Ward 24,
C010,"Sir, Dustbin is overflowing and waste is spilling on the road in W-163, Temple Street. very worst situation",Solid Waste Management,medium,Ward 163,
C011,hello water supply is irregular and pressure is too low to fill the sump in ward no 194 velachery main road nobody is responding,Water Supply & Sewerage,medium,Ward 194,
C012,hello water supply is irregular and pressure is too low to fill the sump in ward no 101 temple street,Water Supply & Sewerage,medium,Ward 101,
C013,"Pls sir Road cut for pipeline work left open for weeks in ward no 136, Velachery Main Road. Kindly do the needful.",Roads & Storm Water Drains,low,Ward 136,
C014,"Sir, Conservancy workers have not picked up waste for 5 days, bins full in ward 10, Anna Salai. Nobody is responding.",Solid Waste Management,medium,Ward 10,
C015,"Respected sir, Lamp posts glowing even in daytime in ward 190, Nehru Nagar. pls help urgently",Street Lighting,low,Ward 190,
C016,"Pls sir Community toilet has no water and is unusable in Ward 195, Kamarajar Road. Kindly do the needful.",Public Health & Sanitation,medium,Ward 195,
C017,"PLS SIR NO MEDICINES AVAILABLE AT THE CORPORATION DISPENSARY IN WARD 89, KAMARAJAR ROAD. VERY WORST SITUATION",Health Services,medium,Ward 89,
C018,pls sir street light not working on our road in ward 152 temple street very worst situation,Street Lighting,low,Ward 152,
C019,"Street lights are on during the day, wasting power in Ward No. 20, Kamarajar Road. Noboyd is responding.",Street Lighting,low,Ward 20,
C020,"No medicines available at the corporatino dispensary in W-191, Gandhi Street. Kindly do the needful.",Health Services,medium,Ward 191,
C021,hello street vendors need a vending certificate and space near 2nd cross street very worst situation,Social Welfare,low,,
C022,How to get solar panels installed on my roof with subsidy near MGR Nagar 4th Street. pls help urgently,Social Welfare,low,,
C023,"hello All lamps on the road dark for a week, chain snatching risk in Ward No. 64, MGR Nagar 4th Street. Please take action.",Street Lighting,medium,Ward 64,
C024,"Dear office,r Whole stretch of street lights off for 3 day,s women afraid to walk in ward#175, Gandhi Street.",Street Lighting,medium,Ward 175,
C025,"hello Illegal construction next door without approval in W-139, Temple Street. pls help urgently",Buildings & Town Planning,medium,Ward 139,
C026,"Children park not maintained, play equipment broken in Ward 177, Temple Street. Kindly do the needful.",Parks & Water Bodies,low,Ward 177,
C027,"Dear officer, Storm water drain is clogged with silt and plastic in Ward 151, 2nd Cross Street.",Roads & Storm Water Drains,medium,Ward 151,
C028,"Elderly homeless man sleeping on the pavement, needs a night shelter in ward no 118, 2nd Cross Street. very worst situation",Social Welfare,medium,Ward 118,
C029,temple tank water body neglected and full of waste in ward 54 2nd cross street pls help urgently,Parks & Water Bodies,low,Ward 54,
C030,"Pls sir Immunisation for babies not happening at the health post in ward#78, Temple Street.",Health Services,low,Ward 78,
C031,"Waste collection van skips our lane most days in Ward No. 102, Anna Salai. Please take action.",Solid Waste Management,low,Ward 102,
C032,"Homeless persno neesd shelter near the flyover in ward#31, Temple Street. Kindly do the needful.",Social Welfare,medium,Ward 31,
C033,"hello Maternity ward at the corporation hospitla is overcrowded in W-24, Velacheyr Main Road.",Health Services,medium,Ward 24,
C034,"UPHC closed during working hours, patients waiting in ward no 104, Nehru Nagar. pls help urgently",Health Services,medium,Ward 104,
C035,we are getting muddy and dirty water in the pipeline children falling sick in ward 137 kamarajar road kindly do the needful,Water Supply & Sewerage,high,Ward 137,
C036,"Metro water has not come to our area for the last 2 days, taps are dry in ward no 10, Kamarajra Road.",Water Supply & Sewerage,medium,Ward 10,
C037,"Pls sir Air pollution from burning waste every evening in W-106, Anna Salai.",Pollution Control,medium,Ward 106,
C038,"hello Rain water stagnating knee deep, storm water drain blocked in Ward 121, Nehru Nagar.",Roads & Storm Water Drains,medium,Ward 121,
C039,"Sir, Dustbin is overflowing and waste is spilling on the road in ward 46, Nehru Nagar.",Solid Waste Management,medium,Ward 46,
C040,"hello Water pipeline leaking on the main road for a week in ward#118, Anna Salai. Kindly do the needful.",Water Supply & Sewerage,medium,Ward 118,
C041,"hello Loudspeakers blaring past midnight, cannot sleep near Nehru Nagar. Kindly do the needful.",Pollution Control,low,,
C042,"Sir, Broken streetlight near the junction, area is dark in ward 40, Gandhi Street. Please take action.",Street Lighting,low,Ward 40,
C043,"Respected sir, People burning garbage and plastic, thick smoke in the area in ward#85, Nehru Nagar. Nobody is responding.",Pollution Control,medium,Ward 85,
C044,"Sewage is overflowing from the manhole onto the road in Ward 96, MGR Nagar 4th Street. pls help urgently",Water Supply & Sewerage,high,Ward 96,
C045,"Building setback violated, footpath blocked in Ward 129, Kamarajar Road. Please take action.",Buildings & Town Planning,low,Ward 129,
C046,"hello Open dumping of garbage near the bus stop every night in ward 169, MGR Nagar 4th Street. Contact 8993108654.",Solid Waste Management,low,Ward 169,
C047,hello Want to apply for a house under a housing scheme near Gandhi Street. Please take action.,Social Welfare,low,,
C048,"Respected sir, We are getting muddy and dirty water in the pipeline, children falling sick in ward#8, 2nd Cross Street. Kindly do the needful.",Water Supply & Sewerage,high,Ward 8,
C049,"PEOPLE DUMPING WASTE ON THE EMPTY PLOT NEXT TO OUR HOUSE IN WARD#179, NEHRU NAGAR.",Solid Waste Management,low,Ward 179,
C050,"Respected sir, Industrial unit emitting fumes, residents coughing near Temple Street. very worst situation",Pollution Control,medium,,
C051,"PUBLIC TOILET IS FILTHY AND NOT CLEANED IN WARD NO 71, 2ND CROSS STREET.",Public Health & Sanitation,medium,Ward 71,
C052,"Very low water pressure, water comes only for 10 minutes in ward 85, 2nd Cross Street. Please take action.",Water Supply & Sewerage,medium,Ward 85,
C053,"SIR, LOUDSPEAKERS BLARING PAST MIDNIGHT, CANNOT SLEEP IN W-185, 2ND CROSS STREET. VERY WORST SITUATION",Pollution Control,low,Ward 185,
C054,"Maternity ward at the corporation hospital is overcrowded in Ward 87, 2nd Cross Street.",Health Services,medium,Ward 87,
C055,hello Dust from road work causing breathing problems near Nehru Nagar. pls help urgently,Pollution Control,low,,
C056,respected sir elderly homeless man sleeping on the pavement needs a night shelter in ward 9 gandhi street nobody is responding,Social Welfare,medium,Ward 9,
C057,"RESPECTED SIR, CONSTRUCTION DEBRIS DUMPED ON THE PAVEMENT IN WARD 71, VELACHERY MAIN ROAD. PLEASE TAKE ACTION.",Solid Waste Management,low,Ward 71,
C058,"Exposed electric wire at the lamp post, sparking in rain near Temple Street. Contact 6717910810.",Street Lighting,high,,
C059,pls sir construction dust everywhere from the site next door in w-28 kamarajar road very worst situation,Pollution Control,low,Ward 28,
C060,"Big pothoel on the main road causing trouble in ward#152, Temple Street. Kindly do the needful.",Roads & Storm Water Drains,low,Ward 152,
C061,temple tank water body neglected and full of waste in w-166 2nd cross street very worst situation,Parks & Water Bodies,low,Ward 166,
C062,"hello Water body being filled with debris for encroachment in ward 105, 2nd Cross Street. pls help urgently",Parks & Water Bodies,low,Ward 105,
C063,"Sir, Pack of stray dogs attacking people at night in ward 187, Gandhi Street. Nobody is responding.",Public Health & Sanitation,medium,Ward 187,
C064,"hello Live wire hanging from the street light pole in ward 49, Velachery Main Road.",Street Lighting,high,Ward 49,
C065,"Wheelchair access missing at the ward office in Ward No. 34, Anna Salai.",Social Welfare,low,Ward 34,
C066,"Old building in our street is about to collapse in ward 49, Kamarajar Road. very worst situation",Buildings & Town Planning,high,Ward 49,
C067,"Respected sir, Factory releasing black smoke into the residential area in Ward 188, Temple Street. Please take action.",Pollution Control,medium,Ward 188,
C068,"EXPOSED ELECTRIC WIRE AT THE LAMP POST, SPARKING IN RAIN IN WARD 105, TEMPLE STREET. KINDLY DO THE NEEDFUL.",Street Lighting,high,Ward 105,
C069,"hello Street vendor issue, vendors evicted without notice in W-117, Kamarajar Road. very worst situation",Social Welfare,low,Ward 117,
C070,people dumping waste on the empty plot next to our house in ward no 55 temple street,Solid Waste Management,low,Ward 55,
C071,"Street vendor issue, vendors evicted without notice in Ward 53, 2nd Cross Street.",Social Welfare,low,Ward 53,
C072,"Sir, Big leak in the water pipe, lot of drinking water wasted daily in ward#199, Nehru Nagar. Kindly do the needful.",Water Supply & Sewerage,medium,Ward 199,
C073,water body being filled with debris for encroachment in ward 68 velachery main road very worst situation,Parks & Water Bodies,low,Ward 68,
C074,respected sir road is full of potholes two wheelers struggling in ward 158 temple street nobody is responding,Roads & Storm Water Drains,low,Ward 158,
C075,"Dear officer, Industrial unit emitting fumes, residents coughing near Kamarajar Road.",Pollution Control,medium,,
C076,"Dear officer, Road dug up for cable work and never relaid in ward no 23, Kamarajar Road. Please take action.",Roads & Storm Water Drains,low,Ward 23,
C077,"Pls sir Carcass of a dog on the street, foul smell in ward no 108, Kamarajar Road. pls help urgently",Public Health & Sanitation,medium,Ward 108,
C078,"Sir, Stray dogs menace, dogs chasing children in ward#180, Velachery Main Road. very worst situation",Public Health & Sanitation,medium,Ward 180,
C079,"Widow pension stopped without reason in ward no 14, Velachery Main Road.",Social Welfare,low,Ward 14,
C080,"Park gates locked in the evening, walkers cannot use it in W-2, MGR Nagar 4th Street.",Parks & Water Bodies,low,Ward 2,
C081,"Sir, Wheelchair access missing at the ward office in ward#43, Temple Street. pls help urgently",Social Welfare,low,Ward 43,
C082,"hello UPHC closed during working hours, patients waiting in ward no 1, Anna Salai. very worst situation",Health Services,medium,Ward 1,
C083,hello sewage is overflowing from the manhole onto the road in ward#83 2nd cross street,Water Supply & Sewerage,high,Ward 83,
C084,hello Water body being filled with debris for encroachment near Temple Street.,Parks & Water Bodies,low,,
C085,air pollution from burning waste every evening in ward no 192 mgr nagar 4th street kindly do the needful,Pollution Control,medium,Ward 192,
C086,"hello Construction dust everywhere from the site next door in ward no 67, Nehru Nagar.",Pollution Control,low,Ward 67,
C087,Pls sir Urban primary health centre has no doctor in the morning near MGR Nagar 4th Street.,Health Services,medium,,
C088,"Dear officer, Building setback violated, footpath blocked near Anna Salai.",Buildings & Town Planning,low,,
C089,"Respected sir, Door to door collection vehicle does not come regularly in ward 200, Gandhi Street. Please take action.",Solid Waste Management,low,Ward 200,
C090,conservancy workers have not picked up waste for 3 days bins full in ward 31 mgr nagar 4th street please take action,Solid Waste Management,medium,Ward 31,
C091,"Pls sir No medicines available at the corporation dispensary in ward no 48, Anna Salai. very worst situation",Health Services,medium,Ward 48,
C092,"RESPECTED SIR, EXPOSED ELECTRIC WIRE AT THE LAMP POST, SPARKING IN RAIN IN WARD 52, VELACHERY MAIN ROAD. PLS HELP URGENTLY",Street Lighting,high,Ward 52,
C093,"Sir, Illegal construction next door without approval in W-106, 2nd Cross Stree.t Please take action.",Buildings & Town Planning,medium,Ward 106,
C094,"People burning garbage and plastic, thick smoke in the area in W-63, MGR Nagar 4th Street.",Pollution Control,medium,Ward 63,
C095,"Stray dogs menace, dogs chasing children in ward 48, Gandhi Street.",Public Health & Sanitation,medium,Ward 48,
C096,storm water drain is clogged with silt and plastic in ward no 60 nehru nagar,Roads & Storm Water Drains,medium,Ward 60,
C097,"Pls sir Children park not maintained, play equipment broken in ward#23, Gandhi Street.",Parks & Water Bodies,low,Ward 23,
C098,"SIR, PUBLIC TOILET IS FILTHY AND NOT CLEANED IN WARD 53, 2ND CROSS STREET. PLEASE TAKE ACTION.",Public Health & Sanitation,medium,Ward 53,
C099,"Respectde sir, Strete light not working on our road in Ward No. 128, MGR Nagra 4th Stree.t Noboyd is responding.",Street Lighting,low,Ward 128,
C100,dear officer building plan approval pending for three months in w-90 velachery main road kindly do the needful,Buildings & Town Planning,low,Ward 90,
C101,"Dear office,r Conservancy workers have not picked up waset for 6 days, bins full in Ward No. 28, Gandhi Street. Noboyd is responding. Contact 9042837878.",Solid Waste Management,medium,Ward 28,
C102,"Flooding and waterlogging on our street after rain in W-115, Gandhi Street. Please take action.",Roads & Storm Water Drains,medium,Ward 115,
C103,"Pls sir Metor watre has not come to our area for the last 5 days, taps are dry in Ward 62, Gandhi Stree.t pls help urgently",Water Supply & Sewerage,medium,Ward 62,
C104,"Dead animal lying on the road for two days in ward no 15, Gandhi Street. very worst situatino",Public Health & Sanitation,medium,Ward 15,
C105,"Urban primary health centre has no doctor in the morning in Ward 130, Temple Street. Kindly do the needful.",Health Services,medium,Ward 130,
C106,"Children park not maintained, play equipment broken in ward no 95, Nehru Nagar. Nobody is responding.",Parks & Water Bodies,low,Ward 95,
C107,"Dear officer, Lake near our area is polluted with sewage and plastic in ward 152, MGR Nagar 4th Street.",Parks & Water Bodies,low,Ward 152,
C108,"Cracsk in the old dilapidated buildin,g may collapse any time in ward 177, Temple Street. Please take actio.n",Buildings & Town Planning,high,Ward 177,
C109,"Dear officer, Want to apply for a house under a housing scheme in Ward 146, Gandhi Street. very worst situation",Social Welfare,low,Ward 146,
C110,"RESPECTED SIR, SHOP ENCROACHING ON THE FOOTPATH WITH A SHED IN WARD 168, TEMPLE STREET. PLEASE TAKE ACTION.",Buildings & Town Planning,low,Ward 168,
C111,"Respected sir, Children park not maintained, play equipment broken in ward 50, Kamarajar Road.",Parks & Water Bodies,low,Ward 50,
C112,"Too many mosquitoes, dengue fever cases in the street in Ward 192, Anna Salai. Please take action.",Public Health & Sanitation,medium,Ward 192,
C113,"Dear officer, Widow pension stopped without reason in ward 173, Nehru Nagar.",Social Welfare,low,Ward 173,
C114,Drainage water is overflowing from the sewer and entering houses near Gandhi Street. Nobody is responding.,Water Supply & Sewerage,high,,
C115,"Sir, Need vaccination camp for children in our area in ward#147, Gandhi Street.",Health Services,low,Ward 147,
C116,"Open defecation near the canla bank in ward 117, MGR Nagar 4th Stree.t",Public Health & Sanitation,low,Ward 117,
C117,"Sir, Park lights not working and gate closed early near Gandhi Street. very worst situation",Parks & Water Bodies,low,,
C118,"Sir, Street lights are on during the day, wasting power in Ward No. 25, Kamarajar Road. Nobody is responding.",Street Lighting,low,Ward 25,
C119,"Dear officer, Old building in our street is about to collapse in W-30, Anna Salai.",Buildings & Town Planning,high,Ward 30,
C120,"DEAR OFFICER, MOSQUITO MENACE, NO FOGGING DONE IN OUR AREA NEAR NEHRU NAGAR. PLEASE TAKE ACTION.",Public Health & Sanitation,medium,,
C121,sir widow pension stopped without reason in ward no 149 gandhi street kindly do the needful Contact 6635992660.,Social Welfare,low,Ward 149,
C122,"Sir, Industrial unit emitting fumes, residents coughing in ward no 38, Nehru Nagar. very worst situation",Pollution Control,medium,Ward 38,
C123,"Sir, Mosquito menace, no fogging done in our area in Ward 83, Gandhi Street.",Public Health & Sanitation,medium,Ward 83,
C124,"Conservancy workers have not picked up waste for 2 days, bins full in Ward No. 189, Anna Salai. very worst situation Contact 9239514564.",Solid Waste Management,medium,Ward 189,
C125,"Open storm water drain without cover, a child fell in near Anna Salai. pls help urgently",Roads & Storm Water Drains,high,,
C126,"Planning permission file not moving in ward no 100, MGR Nagar 4th Street.",Buildings & Town Planning,low,Ward 100,
C127,"Big leak in the water pipe, lot of drinking water wasted daily in Ward No. 23, Kamarajar Road.",Water Supply & Sewerage,medium,Ward 23,
C128,applied for new water connection two months ago no update in ward 75 temple street,Water Supply & Sewerage,low,Ward 75,
C129,"Dear officer, Want rooftop solar connection for my house in W-35, 2nd Cross Street. Contact 7489803942.",Social Welfare,low,Ward 35,
C130,"Respected sir, Rain water stagnating knee deep, storm water drain blocked in ward no 55, Kamarajar Road. Nobody is responding.",Roads & Storm Water Drains,medium,Ward 55,
C131,"RESPECTED SIR, PARK IS NEGLECTED, BROKEN SWINGS AND OVERGROWN GRASS IN W-101, TEMPLE STREET. VERY WORST SITUATION",Parks & Water Bodies,low,Ward 101,
C132,"Want rooftop solar connection for my house in W-172, Anna Salai. Please take action.",Social Welfare,low,Ward 172,
C133,"Sir, Old building in our street is about to collapse in Ward No. 13, Anna Salai.",Buildings & Town Planning,high,Ward 13,
C134,"Broken streetlight near the junction, area is dark in Ward 20, MGR Nagar 4th Street.",Street Lighting,low,Ward 20,
C135,"Pls sir Whole stretch of street lights off for 5 days, women afraid to walk in ward no 98, 2nd Cross Street. Kindly do the needful.",Street Lighting,medium,Ward 98,
C136,"hello Need vaccination camp for children in our area in ward no 84, Gandhi Stree.t Please take actio.n",Health Services,low,Ward 84,
C137,"Respected sir, Encroachment on the lake bund near MGR Nagar 4th Street. pls help urgently",Parks & Water Bodies,low,,
C138,"Respected sir, Metro water has not come to our area for the last 2 days, taps are dry in ward#140, Kamarajar Road. Kindly do the needful.",Water Supply & Sewerage,medium,Ward 140,
C139,"Dear officer, Loudspeakers blaring past midnight, cannot sleep in W-122, Kamarajar Road.",Pollution Control,low,Ward 122,
C140,"Dear office,r Exposed electrci wire at the lamp pos,t sparking in rain in ward no 113, MGR Nagar 4th Street. Kindly do the needful. Contact 7628178694.",Street Lighting,high,Ward 113,
C141,"Dear officer, Open storm water drain without cover, a child fell in in ward#104, Anna Salai.",Roads & Storm Water Drains,high,Ward 104,
C142,"Pls sir Disabled person needs ramp at the corporation office in Ward No. 66, Gandhi Street.",Social Welfare,low,Ward 66,
C143,"Sir, Applied for new water connection two months ago, no updaet in ward#159, Nehru Nagar.",Water Supply & Sewerage,low,Ward 159,
C144,dear officer building plan approval pending for three months near kamarajar road,Buildings & Town Planning,low,,
C145,"hello Maternity ward at the corporation hospital is overcrowded in ward#78, Kamarajar Road. pls help urgently",Health Services,medium,Ward 78,
C146,"Dear officer, Loud noise at night from a marriage hall near Anna Salai. Please take action.",Pollution Control,low,,
C147,sir urban primary health centre has no doctor in the morning in ward#172 gandhi street pls help urgently,Health Services,medium,Ward 172,
C148,dear officer park gates locked in the evening walkers cannot use it in w-105 gandhi street please take action,Parks & Water Bodies,low,Ward 105,
C149,"helol Park lights not working and gate closed early in W-179, Nehru Nagar.",Parks & Water Bodies,low,Ward 179,
C150,pls sir pack of stray dogs attacking people at night in ward 148 gandhi street please take action,Public Health & Sanitation,medium,Ward 148,
C151,dear officer maternity ward at the corporation hospital is overcrowded in w-11 gandhi street,Health Services,medium,Ward 11,
C152,pls sir people burning garbage and plastic thick smoke in the area in ward 129 nehru nagar,Pollution Control,medium,Ward 129,
C153,"Sir, Unauthorised extra floro being built in the next buildign in ward#105, 2nd Cross Stree.t Please take actio.n",Buildings & Town Planning,medium,Ward 105,
C154,"Community toilet has no water and is unusable in ward no 193, 2nd Cross Street. Kindly do the needful.",Public Health & Sanitation,medium,Ward 193,
C155,"Respected sir, Open storm water drain without cover, a child fell in in ward#63, Nehru Nagar. Please take action.",Roads & Storm Water Drains,high,Ward 63,
C156,"Dear officer, Dustbin is overflowing and waste is spilling on the road in ward#193, Nehru Nagar. Please take action.",Solid Waste Management,medium,Ward 193,
C157,"DEAR OFFICER, SOMEONE LEFT BUILDING RUBBLE AND DEBRIS BLOCKING THE FOOTPATH IN WARD NO. 104, 2ND CROSS STREET.",Solid Waste Management,low,Ward 104,
C158,"Respected sir, Open dumping of garbage near the bus stop every night in W-87, Anna Salai.",Solid Waste Management,low,Ward 87,
C159,"Health centre ran out of basic medicines in Ward 2, Temple Street.",Health Services,medium,Ward 2,
C160,Road dug up for cable work and never relaid near Nehru Nagar. Please take action.,Roads & Storm Water Drains,low,,
C161,"Want to apply for a houes under a housing scheme in ward no 152, Nehru Nagar. Nobody is responding.",Social Welfare,low,Ward 152,
C162,"Loud noise at night from a marriage hall in ward#3, Nehru Nagar. pls help urgently",Pollution Control,low,Ward 3,
C163,"Mosquito menace, no foggign done in our area in ward 30, Gandhi Street.",Public Health & Sanitation,medium,Ward 30,
C164,"hello Drain near the school is blocked, water not flowing in Ward 94, Velachery Main Road. very worst situation Contact 9461478325.",Roads & Storm Water Drains,medium,Ward 94,
C165,"Street lighst are on durign the day, wasting power in ward 131, Gandhi Stree.t Please take action.",Street Lighting,low,Ward 131,
C166,"Respected sir, Construction debris dumped on the pavement in ward 191, MGR Nagar 4th Street. Nobody is responding.",Solid Waste Management,low,Ward 191,
C167,"OPEN DEFECATION NEAR THE CANAL BANK IN WARD NO. 6, MGR NAGAR 4TH STREET.",Public Health & Sanitation,low,Ward 6,
C168,need vaccination camp for children in our area in ward 86 temple street,Health Services,low,Ward 86,
C169,"Door to door collection vehicle does not come regularly in ward no 61, Velachery Main Road. Nobody is responding.",Solid Waste Management,low,Ward 61,
C170,"Drain near the school is blocked, water not flowing in Ward No. 75, Kamarajar Road. Kindly do the needful.",Roads & Storm Water Drains,medium,Ward 75,
C171,"hello Illegal construction next door without approval in ward no 134, 2nd Cross Street.",Buildings & Town Planning,medium,Ward 134,
C172,"Pls sir Lake near our area is polluted with sewage and plastic in ward 9, Velachery Main Road.",Parks & Water Bodies,low,Ward 9,
C173,hello big pothole on the main road causing trouble in w-38 mgr nagar 4th street pls help urgently,Roads & Storm Water Drains,low,Ward 38,
C174,"Open defecation near the canal bank in ward no 175, Gandhi Street. very worst situation",Public Health & Sanitation,low,Ward 175,
C175,"hello Broken streetlight near the junction, area is dark in Ward 86, 2nd Cross Street.",Street Lighting,low,Ward 86,
C176,respected sir temple tank water body neglected and full of waste in w-10 anna salai please take action,Parks & Water Bodies,low,Ward 10,
C177,dear officer building plan approval pending for three months in w-84 2nd cross street,Buildings & Town Planning,low,Ward 84,
C178,"Sir, Dust from road work causing breathing problems in Ward 15, Temple Street. Please take action.",Pollution Control,low,Ward 15,
C179,"Applied for new water connection two months ago, no update in Ward 85, Nehru Naga.r Please take action.",Water Supply & Sewerage,low,Ward 85,
C180,"Dear officer, Contaminated drinking water with foul smell coming in the tap in ward 74, MGR Nagar 4th Street.",Water Supply & Sewerage,high,Ward 74,
C181,"RESPECTED SIR, CONSTRUCTION DEBRIS DUMPED ON THE PAVEMENT IN WARD 71, VELACHERY MAIN ROAD. PLEASE TAKE ACTION!!",Solid Waste Management,low,Ward 71,C057
C182,"big leak in the water pipe, lot of drinking water wasted daily in ward no. 23, kamarajar road.",Water Supply & Sewerage,medium,Ward 23,C127
C183,"Sir, Conservancy workers have not picked up waste for 5 days, bins full in ward 10, Anna Salai. Nobody is responding. Still not solved.",Solid Waste Management,medium,Ward 10,C014
C184,"dear officer, dustbin is overflowing and waste is spilling on the road in ward#193, nehru nagar. please take action.",Solid Waste Management,medium,Ward 193,C156
C185,"Again complaining: Pls sir Children park not maintained, play equipment broken in ward#23, Gandhi Street.",Parks & Water Bodies,low,Ward 23,C097
C186,"RESPECTED SIR, PARK IS NEGLECTED, BROKEN SWINGS AND OVERGROWN GRASS IN W-101, TEMPLE STREET. VERY WORST SITUATION",Parks & Water Bodies,low,Ward 101,C131
C187,"respected sir, shop encroaching on the footpath with a shed in ward 168, temple street. please take action.",Buildings & Town Planning,low,Ward 168,C110
C188,"pls sir community toilet has no water and is unusable in ward 195, kamarajar road. kindly do the needful.",Public Health & Sanitation,medium,Ward 195,C016
C189,"Dear officer, Want to apply for a house under a housing scheme in Ward 146, Gandhi Street. very worst situation Still not solved.",Social Welfare,low,Ward 146,C109
C190,respected sir elderly homeless man sleeping on the pavement needs a night shelter in ward 9 gandhi street nobody is responding Still not solved.,Social Welfare,medium,Ward 9,C056
C191,hello immunisation for babies not happening at the health post in ward#86 anna salai very worst situation,Health Services,low,Ward 86,C168
C192,"Whole stretch of street lights off for 3 days, women afraid to walk in ward#64, Gandhi Street.",Street Lighting,medium,Ward 64,C023
C193,"Sir, Street vendors need a vending certificate and space in Ward 53, Nehru Nagar. Kindly do the needful.",Social Welfare,low,Ward 53,C071
C194,"hello Planning permission file not moving in Ward No. 84, Nehru Nagar.",Buildings & Town Planning,low,Ward 84,C177
C195,pls sir how to get solar panels installed on my roof with subsidy in ward#172 velachery main road very worst situation,Social Welfare,low,Ward 172,C132
C196,"Dust from road work causing breathing problems in ward no 67, Gandhi Stree.t",Pollution Control,low,Ward 67,C086
C197,"hello All lamps on the road dark for a week, chain snatching risk in ward#120, Temple Street. Please take action.",Street Lighting,medium,Ward 120,C002
C198,"Sir, Building plan approval pending for three months in Ward No. 100, Nehru Nagar. Kindly do the needful.",Buildings & Town Planning,low,Ward 100,C126
C199,"hello Open dumping of garbage near the bus stop every night in W-179, Gandhi Street. pls help urgently",Solid Waste Management,low,Ward 179,C049
C200,"Pls sir Factory releasing black smoke into the residential area in ward no 38, Anna Salai.",Pollution Control,medium,Ward 38,C122
